Customer_ID,Customer_Name,Gender,Date_of_Birth,Mobile_Number,Email_ID,Occupation,City,State_Name,Customer_Segment
1,Falguni Mane,O,1999-09-19,4178680149,grajagopal@example.net,Teacher,Faridabad,Bihar,VIP
2,Baghyawati Arora,F,1976-03-31,3156494563,tbasak@example.com,Bank Employee,Panchkula,Meghalaya,VIP
3,Chandresh Shankar,O,1979-10-02,3009464935,vyohannan@example.net,Bank Employee,Cuttack,Himachal Pradesh,Premium
4,Falan Chahal,M,1965-03-21,5440351680,viraj90@example.net,Software Engineer,Bhilwara,Nagaland,Regular
5,Mason Dhillon,O,1993-02-24,3594757053,spadmanabhan@example.com,Student,Lucknow,Mizoram,VIP
6,Simon Sethi,O,1977-07-04,4590626555,yatan87@example.com,Doctor,Sasaram,Kerala,Premium
7,Gaurav Prashad,F,1993-07-12,4519806319,cvarty@example.net,Government Employee,Gwalior,Chhattisgarh,Premium
8,Zaid Bala,F,2004-01-13,4388646479,gsrivastava@example.org,Teacher,Kottayam,Arunachal Pradesh,Premium
9,Fiyaz Upadhyay,F,1999-02-22,0213967287,akar@example.org,Software Engineer,Karaikudi,Rajasthan,Premium
10,Daksha Kunda,M,1993-06-23,3903403947,karpeyoshita@example.net,Analyst,Serampore,Goa,VIP
11,Jagdish Kota,F,1982-07-29,9677044193,ymagar@example.com,Bank Employee,Vellore,West Bengal,VIP
12,Parth Varma,F,2001-03-26,9369284275,vincent60@example.org,Student,Jhansi,Arunachal Pradesh,Premium
13,Ucchal Sahni,O,1994-04-18,3354593008,patlajatin@example.com,Analyst,Narasaraopet,Uttarakhand,VIP
14,Ishani Mangal,O,1961-09-08,6457103755,harshsaha@example.com,Bank Employee,Nadiad,Maharashtra,Premium
15,Gayathri Sawhney,M,1990-01-29,8489751463,bachittarbains@example.com,Analyst,Begusarai,Mizoram,Premium
16,Darsh Mallick,O,1972-03-13,4085355469,okara@example.com,Student,Parbhani,Mizoram,Regular
17,Adweta Joshi,O,1972-08-06,7600607309,sanghviyachana@example.com,Government Employee,Kanpur,Odisha,Premium
18,Christopher Bail,M,1969-06-07,6174993673,chameli30@example.com,Student,Jabalpur,Punjab,Regular
19,Baljiwan Chander,F,1966-10-16,5765979854,lraman@example.com,Analyst,Thanjavur,Odisha,VIP
20,Aayush Bains,O,1975-09-29,9917030705,vasudharadhakrishnan@example.com,Teacher,Bareilly,Assam,Premium
21,Idika Khurana,F,1967-05-08,2480508841,csandhu@example.net,Bank Employee,Korba,Nagaland,VIP
22,Ranbir Palla,O,1992-09-23,1862478275,tatapallavi@example.org,Doctor,Kirari Suleman Nagar,Kerala,Premium
23,Upkaar Hari,O,1962-05-16,3034675335,amarasaha@example.org,Software Engineer,Khandwa,Gujarat,VIP
24,Geetika Sachdev,M,1993-01-12,6459141378,hkamdar@example.net,Student,Ranchi,Maharashtra,Premium
25,Bhavini Bath,O,1962-08-19,7444578734,sdate@example.org,Business Owner,Tirunelveli,Nagaland,Premium
26,Girish Venkatesh,O,1972-09-18,9304522646,dadaranbir@example.com,Analyst,Bikaner,Andhra Pradesh,Premium
27,Samuel Ghosh,F,1974-04-21,3899134919,kratti@example.com,Government Employee,Moradabad,Jharkhand,Regular
28,Yug Kala,M,1974-01-17,8954034201,manndevansh@example.net,Software Engineer,Kota,Manipur,VIP
29,Dhruv Merchant,F,1960-10-23,9902224141,osachdev@example.org,Software Engineer,Surendranagar Dudhrej,Himachal Pradesh,VIP
30,Gayathri Modi,F,1965-05-10,9560477042,ydey@example.com,Doctor,Satna,Meghalaya,Regular
31,Eiravati Mangat,O,1993-09-21,1061517747,gardepeter@example.org,Business Owner,Raipur,Meghalaya,VIP
32,Ishwar Rama,O,1981-07-12,1804385255,kannantanveer@example.org,Analyst,Aurangabad,Bihar,Regular
33,Siya Wagle,M,1985-07-19,1785843803,lprabhakar@example.org,Bank Employee,Sangli-Miraj & Kupwad,Manipur,Regular
34,Yagnesh Tailor,F,1997-05-06,0205667381,yashasvidhillon@example.org,Student,Unnao,Sikkim,Regular
35,Rajeshri Sandhu,M,2001-09-15,9143710548,reddyjatin@example.com,Software Engineer,Thrissur,Manipur,Premium
36,Ishita Bumb,F,1974-09-16,9105808486,zvora@example.org,Business Owner,Rajpur Sonarpur,Manipur,Regular
37,Jatin Sridhar,O,2000-09-30,6906549273,lakshitreddy@example.com,Bank Employee,Amritsar,Meghalaya,VIP
38,Eesha Edwin,M,2000-11-19,6881246294,gerabaljiwan@example.com,Bank Employee,Gulbarga,Gujarat,Regular
39,Xalak Bajaj,M,1989-02-23,5971005842,kkarnik@example.com,Teacher,Siwan,Mizoram,Premium
40,Damini Thaman,O,1986-04-01,8784561235,gopalvaishnavi@example.net,Government Employee,Baranagar,Jharkhand,VIP
41,Libni Mody,O,1997-08-11,0458436278,slata@example.net,Business Owner,Erode,Karnataka,VIP
42,Kamya Agate,F,1964-08-23,5713515188,oeshirattan@example.net,Software Engineer,Kanpur,Maharashtra,VIP
43,Ekiya Narayanan,O,1961-09-13,6192251634,sehgalluke@example.com,Government Employee,Patna,Uttarakhand,Regular
44,Viraj Arya,F,1999-10-29,9486442423,henry79@example.com,Teacher,Indore,Manipur,Premium
45,Ayush Dugar,O,1971-01-13,2879641023,bavachristopher@example.org,Teacher,Sonipat,Rajasthan,VIP
46,Ekaraj Hari,O,1997-08-29,4259808169,victor94@example.net,Government Employee,Korba,Karnataka,Premium
47,Leela Sankar,F,1974-02-12,9586386607,banjeetchaudhry@example.org,Analyst,Jorhat,Arunachal Pradesh,VIP
48,Chaitanya Rege,M,2006-04-28,2995842464,gulatiom@example.com,Doctor,Junagadh,Assam,Premium
49,Laksh Hora,O,1985-01-16,0704544168,purijacob@example.com,Doctor,Kota,Meghalaya,Regular
50,Jyoti Vyas,O,1972-11-27,9761765861,chanderqushi@example.com,Government Employee,Udaipur,Odisha,Premium
51,Sneha Basak,F,1996-04-05,8901441129,walibrinda@example.com,Teacher,Raiganj,Sikkim,Regular
52,Vihaan Madan,M,1975-09-09,0115512820,rajataravi@example.net,Bank Employee,Yamunanagar,Himachal Pradesh,VIP
53,Unni Saha,O,2004-01-20,0949042983,champak60@example.org,Bank Employee,Tiruppur,Tamil Nadu,Premium
54,Mitali Hayre,M,1976-01-24,5223396447,indira53@example.org,Teacher,Sonipat,Tamil Nadu,Regular
55,Sai Prasad,O,1972-02-21,7536791719,chawladominic@example.net,Bank Employee,Visakhapatnam,Assam,Regular
56,Chandran Buch,F,1968-03-31,9165141921,dhaliwalkamala@example.org,Business Owner,Vellore,Punjab,VIP
57,Samar Virk,F,1961-05-11,8221445197,xitibhattacharyya@example.com,Doctor,Tiruppur,Tamil Nadu,VIP
58,Chatresh Keer,M,1997-05-10,2702198223,rakshasoman@example.com,Teacher,Raiganj,Nagaland,Premium
59,Teerth Borra,M,1965-04-14,8940744908,gshere@example.org,Student,Gorakhpur,Mizoram,Premium
60,Umang Misra,M,1979-11-30,0603895054,libnisangha@example.org,Software Engineer,Ozhukarai,Karnataka,Regular
61,Xalak Bhargava,O,1994-12-12,7844558903,gbabu@example.net,Software Engineer,Bardhaman,Odisha,VIP
62,Rachit Bumb,F,1988-01-16,2041567570,rajubalveer@example.net,Government Employee,Uluberia,Telangana,Regular
63,Dakshesh Sarraf,O,1963-11-24,2713695580,majumdarzehaan@example.com,Software Engineer,Vijayawada,Telangana,VIP
64,Chakradev Dutt,O,1981-11-04,7039376138,mishrasanaya@example.com,Business Owner,Tadipatri,Gujarat,Premium
65,Ucchal Dash,O,1984-12-24,1788830777,pandeyreyansh@example.net,Bank Employee,Bhilai,Meghalaya,Premium
66,Parth Varghese,M,1972-04-19,7046474419,natarajanhredhaan@example.net,Government Employee,Guwahati,Gujarat,VIP
67,Chatura Shetty,F,1982-11-09,3580143429,chaitaly55@example.com,Government Employee,Secunderabad,Tamil Nadu,Premium
68,Mahika Modi,O,1974-09-09,1792981237,ramanjonathan@example.com,Doctor,Bhiwandi,Nagaland,Premium
69,Widisha Khanna,F,1985-01-17,7829692348,apteria@example.net,Doctor,Machilipatnam,Gujarat,VIP
70,Qabil Rai,M,1968-05-24,6110020326,yatin22@example.org,Bank Employee,Mau,Uttarakhand,Premium
71,Rayaan Bobal,F,1972-10-10,1835897325,upal@example.com,Teacher,Raebareli,Nagaland,Premium
72,Jagvi Mukhopadhyay,F,1969-10-18,4771247240,oupadhyay@example.com,Business Owner,Kamarhati,Kerala,VIP
73,Warhi Thakkar,O,1996-11-09,1976149850,chaitanyahari@example.net,Doctor,Mangalore,Maharashtra,Premium
74,Vedika Garde,O,1971-07-30,0830829348,chanakya48@example.org,Government Employee,Motihari,Chhattisgarh,VIP
75,Rehaan Hora,F,1986-03-09,3610856957,gabrielpalla@example.org,Business Owner,Burhanpur,Goa,Premium
76,Leela Chakraborty,M,1989-09-06,1076905354,ishanvibakshi@example.org,Software Engineer,Sri Ganganagar,Maharashtra,Regular
77,Jatin Raju,M,2004-12-30,4516641203,amruta49@example.net,Bank Employee,Bhubaneswar,Kerala,Premium
78,Charan Sabharwal,O,1995-05-07,5757901312,divya80@example.com,Student,Belgaum,Goa,Premium
79,Henry Suresh,F,1987-08-10,4504222472,wpall@example.com,Bank Employee,Gandhinagar,Telangana,Premium
80,Shaurya Sharaf,O,1976-03-31,3761083282,tdevan@example.com,Analyst,Srikakulam,Kerala,VIP
81,Omisha Shukla,M,1976-08-05,9811836807,hayreteerth@example.com,Doctor,Nadiad,Haryana,VIP
82,Aadi Nagi,M,1966-11-02,7606832941,suhanibhasin@example.net,Government Employee,Jalna,Odisha,Premium
83,Sudiksha Pathak,F,1973-01-01,1424600256,athaker@example.org,Student,Loni,Chhattisgarh,Regular
84,Qasim Shenoy,M,1977-10-02,1855350576,arjunprashad@example.net,Business Owner,Aizawl,Nagaland,VIP
85,Bhanumati Nair,F,1995-03-25,0326752660,jagratidasgupta@example.com,Student,Nagpur,Kerala,Regular
86,Veer Agarwal,M,1974-11-18,4316633525,ysarraf@example.org,Doctor,Navi Mumbai,Bihar,VIP
87,Pratyush Chandran,F,1967-10-10,5201038254,toorhemangini@example.net,Bank Employee,Amaravati,Rajasthan,Premium
88,Pooja Lad,M,1965-08-19,1360481568,cranganathan@example.net,Teacher,Alappuzha,Uttarakhand,Regular
89,Indrajit Bhagat,O,1992-01-21,0330758117,ijohal@example.com,Doctor,Allahabad,Karnataka,VIP
90,Charles Dhar,F,1963-02-15,8119638707,thakkaransh@example.org,Analyst,Surat,Goa,VIP
91,Urvi Natarajan,O,1997-11-18,6841490075,bkari@example.net,Business Owner,Barasat,Chhattisgarh,Regular
92,Jairaj Sule,M,1963-10-19,1176674510,kothariveer@example.net,Student,Uluberia,Uttarakhand,Regular
93,Nihal Kulkarni,O,1995-01-31,0476739771,anya94@example.com,Government Employee,Panchkula,Karnataka,VIP
94,Sai Prasad,F,2004-11-29,5912288541,kgarg@example.net,Analyst,Ramgarh,Rajasthan,Regular
95,Kritika Walia,M,1973-05-11,2212467437,gsom@example.net,Doctor,Miryalaguda,Tamil Nadu,Premium
96,Priya Ranganathan,M,1988-12-17,6275833849,ishani44@example.org,Student,Aurangabad,Uttarakhand,Regular
97,Jackson Suresh,F,1983-02-15,2649207718,xwason@example.com,Bank Employee,Bhimavaram,Goa,VIP
98,Aishani Bhatnagar,M,2006-11-10,9313891327,talwarucchal@example.net,Business Owner,Pali,Meghalaya,VIP
99,Qushi Muni,O,1970-10-10,9284325248,mugdhanaidu@example.org,Analyst,Karimnagar,Kerala,VIP
100,Yashica Guha,F,1961-04-29,2835623794,lokedavid@example.org,Bank Employee,Bathinda,Punjab,VIP
101,Sanaya Seshadri,F,1975-06-16,6042454271,widishahalder@example.com,Bank Employee,Tiruppur,Sikkim,Regular
102,Nilima Mukherjee,F,2004-02-28,6200525669,parekhvaishnavi@example.net,Bank Employee,Ratlam,Arunachal Pradesh,VIP
103,Chameli Apte,O,1987-05-29,2804232951,maxmandal@example.net,Business Owner,Warangal,Rajasthan,Regular
104,Idika Mishra,F,1984-05-24,3840073365,chaudharibarkha@example.org,Doctor,Bilaspur,Sikkim,VIP
105,Sai Deshmukh,M,2008-01-20,9975195091,xavierbrahmbhatt@example.com,Business Owner,Gurgaon,Haryana,Premium
106,Chasmum Agrawal,M,1972-03-29,1469159387,igulati@example.org,Analyst,Junagadh,Uttar Pradesh,Premium
107,Pranit Arya,F,1993-07-19,0897166531,lopagandhi@example.com,Doctor,Gwalior,Goa,VIP
108,Joshua Loke,O,2002-12-23,2654695374,zehaan23@example.org,Student,Kishanganj,Tripura,Regular
109,Nandini Chahal,F,1967-02-25,5232459770,saanviborra@example.com,Teacher,Adoni,Tripura,Premium
110,Maanav Dyal,O,1980-05-09,6151090241,revaparikh@example.net,Software Engineer,Nellore,Odisha,Premium
111,Madhav Bhakta,F,1971-09-26,9733737153,andrew54@example.org,Teacher,Medininagar,Punjab,VIP
112,Xavier Gala,F,1971-06-05,7222657534,vasatikaparmer@example.net,Bank Employee,Bardhaman,Jharkhand,Regular
113,Vrishti De,F,2005-09-15,9512963618,chandran45@example.net,Doctor,Adoni,Manipur,VIP
114,Yug Suri,F,1989-11-03,7068175884,balakrishnankai@example.org,Doctor,Hajipur,Himachal Pradesh,Premium
115,Upadhriti Dubey,M,1994-12-24,3963670518,ayushmanbuch@example.org,Bank Employee,Guntur,Chhattisgarh,Regular
116,Ganga Ghosh,F,1980-08-23,3946180363,eiravati93@example.com,Government Employee,Narasaraopet,Jharkhand,VIP
117,Bishakha Sharaf,O,1964-01-14,6214267512,kundaekantika@example.net,Software Engineer,Sambhal,Gujarat,Premium
118,Bhavika Upadhyay,O,1960-08-19,4543926345,ysha@example.org,Teacher,Fatehpur,Karnataka,Regular
119,Ekansh Vig,F,1978-08-03,8155753228,alexander25@example.org,Teacher,Tiruppur,Arunachal Pradesh,Regular
120,Oviya Radhakrishnan,O,1993-09-21,9305783517,psaraf@example.net,Analyst,Karawal Nagar,Tripura,VIP
121,Chaitaly Divan,M,1991-01-11,4793131254,dugalrishi@example.org,Software Engineer,Aurangabad,Uttarakhand,Regular
122,Triveni Rajagopal,F,2004-09-19,4156852107,daraupadhriti@example.org,Government Employee,Nadiad,Andhra Pradesh,Regular
123,Ijaya Oza,O,1969-10-31,7008940978,rajagopalharrison@example.org,Software Engineer,Jabalpur,Odisha,Regular
124,Harrison Kulkarni,M,1963-07-14,8119928395,siyadevi@example.org,Student,Mau,Mizoram,Premium
125,Reyansh Loke,M,1974-07-02,9034678756,dasguptatara@example.net,Student,Unnao,Jharkhand,VIP
126,Wriddhish Nair,M,1973-04-15,8111930646,anikacontractor@example.com,Doctor,Aurangabad,Sikkim,Regular
127,Jai Tailor,F,1965-08-04,1371031316,subramaniamyashasvi@example.net,Analyst,Tezpur,Goa,Regular
128,Inaya Hegde,O,2002-03-14,5747082203,zilmil12@example.net,Analyst,Mumbai,Odisha,VIP
129,Shivansh Oommen,O,1966-05-05,5620190858,vidhichahal@example.com,Analyst,Aligarh,Kerala,Regular
130,Jeevika Patil,F,2007-07-02,4384332992,fitanborra@example.net,Analyst,Patna,Maharashtra,VIP
131,Ayaan Yadav,M,1989-10-23,8112306813,arya75@example.org,Analyst,Durgapur,Karnataka,Regular
132,Gaurangi Sachar,F,2005-03-25,8589374479,ishanvigala@example.com,Bank Employee,Singrauli,Maharashtra,Regular
133,Jalsa Basak,F,1998-10-07,5519933914,ysharma@example.net,Software Engineer,Naihati,Jharkhand,Premium
134,Vedant Ray,O,1979-07-27,9899861099,niteshmurthy@example.net,Student,Hazaribagh,Assam,Premium
135,Matthew Kari,F,1991-12-01,8951324213,wasonoeshi@example.com,Student,Muzaffarpur,Bihar,Premium
136,Andrew Luthra,M,1979-11-03,1656983044,dyalxiti@example.org,Business Owner,Dharmavaram,Madhya Pradesh,Premium
137,Niharika Saxena,F,1963-04-05,6524794950,hardikbhakta@example.net,Doctor,Buxar,Goa,Regular
138,Ayaan Chandra,O,1970-02-25,4692418572,pahalchand@example.org,Doctor,Hapur,Bihar,VIP
139,Sai Saran,M,1996-07-27,4478439266,saxenaarjun@example.net,Doctor,Anantapur,Haryana,Premium
140,Veer Dhar,F,1999-09-26,5100557627,pranavbansal@example.org,Software Engineer,Bhalswa Jahangir Pur,Punjab,Premium
141,Yashodhara Dhaliwal,F,2000-12-25,7934553190,sureshekavir@example.net,Teacher,Panvel,Andhra Pradesh,Regular
142,Kabir Dugar,M,1974-08-23,3513616810,xiti61@example.org,Student,Maheshtala,Odisha,Regular
143,Amol Buch,F,1979-04-03,9762032397,qbumb@example.net,Teacher,Guntur,Madhya Pradesh,VIP
144,Hiral Manda,M,1967-02-27,3178886457,oganesan@example.org,Bank Employee,Kolhapur,Punjab,Premium
145,Aarna Oommen,F,1964-12-02,1291418924,mnarasimhan@example.com,Government Employee,Bhalswa Jahangir Pur,Sikkim,Regular
146,Harini Shukla,O,2006-07-22,6039329263,schander@example.net,Student,Tiruchirappalli,Tripura,Premium
147,Ekaraj Pant,O,2004-12-11,6069203163,chasmum75@example.net,Business Owner,Khandwa,Tamil Nadu,Premium
148,Kala Bawa,O,1986-06-06,0812322708,finn09@example.net,Business Owner,Pudukkottai,Andhra Pradesh,VIP
149,Chanakya Dave,M,1995-01-28,8737649394,rmajumdar@example.org,Bank Employee,Srinagar,Mizoram,Premium
150,Aditya Bhardwaj,M,1983-06-02,9125599066,lshenoy@example.com,Analyst,Alwar,Manipur,Regular
151,Tanveer Chauhan,M,1994-09-06,2162340206,csarna@example.com,Business Owner,Agra,Rajasthan,Regular
152,Meera Comar,O,1982-08-31,4936747572,vrama@example.org,Doctor,Anand,Meghalaya,Premium
153,Aadi Mohanty,O,1994-04-17,3411980286,eiravati99@example.net,Business Owner,Bulandshahr,Arunachal Pradesh,Premium
154,Girik Varughese,F,1963-04-29,0443886023,lkapadia@example.com,Government Employee,Silchar,Nagaland,Regular
155,Yug Ram,O,1978-05-12,7021084652,sbhatti@example.com,Doctor,Bhiwani,Meghalaya,VIP
156,Falguni Lad,F,1996-04-19,7588460334,darsh11@example.com,Student,Patna,Uttar Pradesh,VIP
157,Gunbir Thakur,O,1992-12-24,8338874074,hardik89@example.org,Student,Machilipatnam,Tamil Nadu,VIP
158,Anjali Dara,F,1978-07-30,9467819932,norirachita@example.net,Business Owner,Panvel,Nagaland,VIP
159,Unnati Pandit,M,1990-10-29,1921259862,zinal60@example.org,Business Owner,Dibrugarh,Odisha,Premium
160,Ishita Sant,O,1966-02-28,8938981676,jnadig@example.org,Business Owner,Chinsurah,Sikkim,Regular
161,Zansi Varkey,F,1987-12-16,2466385819,suhanipandey@example.net,Doctor,Agra,Madhya Pradesh,VIP
162,Indira Aurora,F,1999-03-12,7423308246,charansani@example.org,Doctor,Raurkela Industrial Township,Kerala,VIP
163,Azaan Vora,M,1973-03-23,5123623098,urvashihanda@example.net,Doctor,Aligarh,Jharkhand,VIP
164,Ekansh Golla,O,1982-04-04,1531478346,taraanya@example.org,Government Employee,Raiganj,Jharkhand,VIP
165,Vihaan Borde,M,1981-10-17,1892133401,rsekhon@example.net,Doctor,Baranagar,Punjab,Premium
166,Liam Warrior,O,1984-01-06,2485147584,triveni79@example.org,Doctor,Howrah,Assam,VIP
167,Vasana Shanker,O,1996-11-11,5063967463,aradhanakala@example.net,Business Owner,Cuttack,Nagaland,Premium
168,Patrick Lanka,F,1984-03-20,4450818228,fkrishna@example.net,Doctor,Bhilwara,Himachal Pradesh,Premium
169,Jagdish Raval,M,1971-09-17,8921536658,hkuruvilla@example.com,Analyst,Gopalpur,Karnataka,Regular
170,Omkaar Talwar,F,1993-02-03,0495918737,ytaneja@example.org,Bank Employee,Darbhanga,West Bengal,Premium
171,Wahab Raj,O,1980-11-22,2923359159,vyasaradhana@example.org,Teacher,Alappuzha,Arunachal Pradesh,Premium
172,Irya Kohli,O,1995-06-22,8939042454,chhabradaniel@example.com,Software Engineer,Durgapur,Bihar,Regular
173,Tanay Sarkar,M,1965-02-13,7602721834,deepatrivedi@example.net,Teacher,Satna,Karnataka,Regular
174,Ethan Borde,O,1990-03-20,6958565435,ishwar76@example.org,Analyst,Jhansi,Goa,Premium
175,Anamika Kunda,M,1984-02-12,4700265000,qushi69@example.net,Doctor,North Dumdum,Andhra Pradesh,VIP
176,Kashish Sengupta,O,1978-11-21,0192123179,atalwar@example.org,Doctor,Karawal Nagar,Karnataka,VIP
177,Zarna Bedi,F,1977-03-01,4750163668,nathgavin@example.com,Student,Kharagpur,Andhra Pradesh,VIP
178,Anita Zacharia,F,1982-09-08,4659533068,esampath@example.net,Teacher,Junagadh,Mizoram,Premium
179,Triveni Chaudry,F,1969-10-14,9751435871,bvirk@example.net,Analyst,Bhavnagar,Manipur,VIP
180,Ishanvi Johal,O,1979-03-25,2318410507,chadindali@example.org,Student,Bijapur,West Bengal,Regular
181,Rajeshri Pingle,O,2001-09-11,2018424879,raghavbassi@example.org,Business Owner,Panchkula,Chhattisgarh,VIP
182,Yash Chatterjee,F,1985-03-20,9210135374,tramesh@example.net,Teacher,Panchkula,Uttarakhand,Premium
183,Zansi Ratta,O,1996-02-07,2229699474,damyanti75@example.org,Government Employee,Gwalior,Nagaland,Regular
184,Darpan Lala,O,1982-09-02,3997453051,victor33@example.net,Business Owner,Kota,Telangana,Premium
185,Girindra Upadhyay,M,1983-10-09,0922423222,sarmajanani@example.net,Software Engineer,Vijayawada,Mizoram,Premium
186,Januja Nath,O,1980-08-04,3156667325,georgerai@example.org,Government Employee,Vijayawada,Tripura,Premium
187,Ayaan Ahuja,F,1971-03-09,5240953970,aryadesai@example.net,Student,Kadapa,Sikkim,VIP
188,Frederick Sidhu,M,1985-11-21,2354978339,rdhar@example.com,Analyst,Hubli–Dharwad,West Bengal,Premium
189,Nilima Narang,O,1965-12-31,5954093546,henrymagar@example.org,Government Employee,Guntur,Andhra Pradesh,VIP
190,Laban Kamdar,O,2005-12-10,7480194972,falgunimaharaj@example.org,Business Owner,Kalyan-Dombivli,Madhya Pradesh,Regular
191,Oni Varty,O,1977-04-15,4901681530,chakrika45@example.net,Software Engineer,Maheshtala,Punjab,VIP
192,Veda Badal,F,1982-02-13,0821810038,dayalgauri@example.org,Business Owner,Amritsar,Goa,VIP
193,Abeer Chana,M,1962-10-14,2525182986,samuel71@example.net,Analyst,Cuttack,Telangana,Premium
194,Tristan Bala,O,2007-02-28,2834806201,brijesh44@example.com,Business Owner,Satna,Jharkhand,Premium
195,Zarna Bakshi,F,1984-10-26,4223125074,mohantybhavini@example.net,Business Owner,Vadodara,Tripura,Premium
196,Zehaan Kapoor,O,2004-07-23,3657503031,ctella@example.net,Doctor,Panihati,Assam,VIP
197,Noah Taneja,M,1964-08-14,4515336389,amemon@example.com,Doctor,Nanded,West Bengal,Premium
198,Bhavani Seshadri,M,2003-09-24,7744638738,wmann@example.com,Government Employee,Amravati,Karnataka,VIP
199,Anirudh Mannan,O,1987-09-23,7181195065,omerchant@example.net,Business Owner,Kota,Tripura,VIP
200,Meghana Comar,M,1998-03-11,4343862938,upkaarpal@example.org,Doctor,Chinsurah,Assam,Regular
201,Jalsa Mander,M,2006-10-26,0980136039,kapadiabahadurjit@example.net,Doctor,Sirsa,Bihar,Regular
202,Logan Toor,O,1993-09-14,8715530076,buchhitesh@example.com,Doctor,Saharanpur,Kerala,Regular
203,Siya Tiwari,M,1981-05-02,4821836017,pauharini@example.net,Software Engineer,Bongaigaon,Manipur,VIP
204,Naksh Parmer,O,1985-07-26,8581061155,greddy@example.com,Teacher,Varanasi,Tamil Nadu,VIP
205,Banjeet Bajwa,O,1991-05-03,8510195855,dipta25@example.org,Bank Employee,Kishanganj,Nagaland,Regular
206,Bishakha Acharya,M,1960-08-16,6786724996,goelunnati@example.org,Analyst,Bongaigaon,Jharkhand,Premium
207,Hredhaan Shukla,F,1970-01-23,8279653101,ojas12@example.org,Teacher,Hospet,Tripura,Regular
208,Abha Agate,F,1978-04-05,7385669626,revasengupta@example.net,Student,Hazaribagh,West Bengal,Regular
209,Arunima Lad,O,1977-02-09,8993537070,zchakraborty@example.org,Bank Employee,Kirari Suleman Nagar,Madhya Pradesh,Regular
210,Jeevika Pall,O,1961-01-11,1734784167,meghaarya@example.com,Student,Aurangabad,Gujarat,VIP
211,Yashawini Gola,O,1995-10-01,6715337319,somanoscar@example.org,Student,Pondicherry,Haryana,VIP
212,Nicholas Sule,O,1993-03-28,1699252966,imaran79@example.net,Analyst,Shivpuri,Punjab,VIP
213,Xiti Kara,M,2007-06-16,1649736927,baghyawati07@example.com,Doctor,Satara,Tripura,Regular
214,Kala Garde,M,1999-05-27,6968274527,xavier70@example.net,Software Engineer,Panchkula,Telangana,Regular
215,Zashil Nagi,F,1977-12-30,7624455899,panchalrachana@example.org,Government Employee,Sangli-Miraj & Kupwad,Tamil Nadu,Premium
216,Kashvi Singhal,O,1974-05-24,0944825534,fitan22@example.org,Student,Silchar,Uttar Pradesh,Premium
217,Ridhi Mital,O,2000-06-28,8137557526,pauranbir@example.net,Teacher,Siwan,Karnataka,Premium
218,Damyanti Sidhu,O,2006-04-15,6078520507,warinder35@example.net,Software Engineer,Bidhannagar,Haryana,Regular
219,Dipta Shan,O,1974-10-04,0073972119,zansi95@example.net,Student,Patiala,Uttar Pradesh,Regular
220,Champak Keer,F,2002-11-05,3174875821,bosegeetika@example.net,Teacher,Jamshedpur,Maharashtra,Premium
221,Chakradev Palan,M,1962-03-18,8046424009,tataaarush@example.org,Bank Employee,Kochi,Goa,Premium
222,Yashoda Morar,M,1979-10-04,3633747379,palmanan@example.com,Business Owner,Deoghar,Chhattisgarh,Regular
223,Chatresh Toor,F,1980-12-11,4677649209,mastergaurika@example.net,Teacher,Nandyal,Meghalaya,Regular
224,Anvi Bal,O,1970-07-07,5214531002,hiralpatel@example.net,Bank Employee,Guna,Telangana,VIP
225,Caleb Chahal,O,2006-03-21,3998030929,qhari@example.com,Doctor,Ahmednagar,Punjab,Regular
226,Neel Pall,F,1978-09-14,9891842698,dhawandayamai@example.net,Doctor,Hindupur,Telangana,Regular
227,Anya Aggarwal,F,1999-02-03,4906370616,kaibasak@example.org,Doctor,Raurkela Industrial Township,Andhra Pradesh,Premium
228,Bakhshi Jani,O,1975-11-30,4789985789,michael45@example.org,Analyst,Bettiah,Odisha,Regular
229,Logan Hayre,F,1982-04-25,4890588530,deepganga@example.com,Doctor,Siwan,Maharashtra,Regular
230,Jatin Raja,M,2007-10-22,6079515350,iratti@example.net,Business Owner,Salem,Uttar Pradesh,Regular
231,Hardik Krish,F,2001-03-25,9343545078,gabanihal@example.net,Analyst,Kalyan-Dombivli,Telangana,Premium
232,Anya Acharya,F,1979-08-20,0212918753,bhaktaagastya@example.org,Bank Employee,Rajahmundry,Uttarakhand,Premium
233,Robert Ghose,M,1968-02-21,9704693460,dhritimishra@example.com,Doctor,Bhalswa Jahangir Pur,Chhattisgarh,Regular
234,Victor Iyengar,O,1987-08-12,8536921310,anvivala@example.org,Analyst,Serampore,Punjab,Regular
235,Saumya Bawa,O,1975-10-13,6749394134,garimasubramaniam@example.com,Software Engineer,Kota,Mizoram,VIP
236,Hemang Sura,F,1961-04-11,9843325811,sarkarzarna@example.org,Analyst,Bhiwani,Odisha,Premium
237,Hiral Kale,M,1972-11-14,7562353864,shivansh62@example.org,Software Engineer,Khammam,Arunachal Pradesh,VIP
238,Leela Magar,F,1971-09-26,4166821893,luckyvarughese@example.com,Business Owner,Berhampur,Nagaland,Regular
239,Aarini Manda,F,2002-01-24,7704310486,georgepatla@example.net,Teacher,Sirsa,Himachal Pradesh,VIP
240,Veer Sundaram,F,1967-02-25,4511405864,vrinda34@example.com,Business Owner,Amaravati,Tamil Nadu,Regular
241,Liam Magar,F,1989-11-22,6363681278,lallanika@example.org,Business Owner,Solapur,Goa,Regular
242,Siddharth Sama,M,1978-09-06,4382431807,isaiahaurora@example.net,Software Engineer,Buxar,Meghalaya,VIP
243,Aadhya Som,O,1983-07-21,4773706439,salvilaban@example.net,Teacher,Kadapa,Arunachal Pradesh,Premium
244,Kritika Yogi,F,1962-07-31,4531904051,champaksrinivas@example.com,Analyst,Kakinada,Manipur,Regular
245,Zinal Hegde,M,1992-12-09,7688348382,mohammedlad@example.com,Analyst,New Delhi,Uttar Pradesh,Regular
246,Parth Grewal,F,1973-05-20,2931083920,rameshnihal@example.com,Government Employee,Raichur,Tamil Nadu,VIP
247,Guneet Vasa,O,1995-04-10,7876459446,qpalla@example.org,Teacher,Kota,Assam,VIP
248,Eiravati Bajaj,F,2007-08-02,5326795772,fkhare@example.org,Teacher,Narasaraopet,Madhya Pradesh,Premium
249,Pranav Sharaf,M,1978-05-25,0440695040,jeevikasoman@example.org,Business Owner,Howrah,Assam,Premium
250,Gautam Trivedi,F,1968-02-09,3332924814,jalsachatterjee@example.org,Business Owner,Purnia,Telangana,VIP
251,Krishna Prashad,M,1983-06-24,4710406317,kashish96@example.com,Doctor,Durg,Maharashtra,VIP
252,Ojas Tandon,F,1969-03-21,7701796453,ekanimishra@example.com,Student,Anand,Bihar,Regular
253,Reva Nair,M,1977-01-05,1084576498,cbora@example.net,Teacher,Gaya,Telangana,Premium
254,Zinal Bhatti,M,2005-12-31,6563787853,aarnasavant@example.com,Government Employee,Patiala,Odisha,Premium
255,Xavier Barman,M,1973-01-03,8386324398,manthanbaria@example.net,Teacher,Raebareli,Himachal Pradesh,Regular
256,Anita Kaul,O,1990-05-17,1229627889,ldhar@example.org,Government Employee,Nashik,Goa,VIP
257,Eiravati Mishra,F,1979-09-09,1969967121,nmodi@example.com,Student,Kavali,West Bengal,Regular
258,Jairaj Talwar,F,1971-06-25,9321623483,thakerchatresh@example.net,Business Owner,Mehsana,Assam,Regular
259,Ekta Gupta,O,2004-07-17,9024524485,kannanamara@example.org,Business Owner,Bhilwara,Meghalaya,Regular
260,Lipika Chaudhari,M,1985-05-05,5162707132,qarinbedi@example.com,Teacher,Agra,West Bengal,Premium
261,Chaaya Joshi,O,1969-06-07,2186123241,vedachopra@example.net,Bank Employee,Kolkata,West Bengal,Premium
262,Zayan Raj,M,1984-05-31,0763075692,korpaledhitha@example.net,Software Engineer,Narasaraopet,Punjab,VIP
263,Vamakshi Babu,F,1980-12-29,2639387330,aarna80@example.org,Analyst,Nizamabad,Mizoram,Regular
264,Mohini Venkatesh,O,1962-09-18,0029688864,ramakrishnanira@example.com,Government Employee,Mango,Meghalaya,VIP
265,Anjali Swamy,O,2003-11-13,1795888245,hraman@example.org,Doctor,Mathura,Mizoram,Regular
266,Harish Bir,F,1992-05-21,3914953435,prashadhemangini@example.com,Analyst,Sirsa,Punjab,Premium
267,Isha Patel,O,1970-02-18,1975186213,btripathi@example.net,Software Engineer,Chittoor,Chhattisgarh,VIP
268,Yachana Chander,M,1970-02-15,1240187170,champak88@example.com,Teacher,Kulti,Tripura,Premium
269,Nitesh Thakur,O,1982-12-25,4901966116,lokeisha@example.com,Student,Saharsa,Sikkim,Premium
270,Tara Sibal,F,1988-12-31,5267237735,tkata@example.com,Doctor,Bulandshahr,Maharashtra,Premium
271,Varsha Varma,F,1964-03-19,3591323596,oeshinarula@example.net,Government Employee,Kalyan-Dombivli,Sikkim,Premium
272,Harini Nair,O,1979-10-23,4044690626,ekansh78@example.net,Analyst,Bhiwandi,Uttar Pradesh,Premium
273,Maanas Swamy,M,1997-12-21,1673010413,dsharma@example.com,Software Engineer,Kirari Suleman Nagar,Odisha,VIP
274,Fitan Tara,O,2002-06-22,2343698688,mkoshy@example.org,Analyst,Buxar,Goa,Premium
275,Qushi Pathak,M,1964-04-24,7326138651,venkateshxavier@example.com,Doctor,Adoni,Uttar Pradesh,Premium
276,Lekha Tiwari,M,2008-04-12,0734099790,anamika58@example.org,Government Employee,Dhanbad,Sikkim,Regular
277,Falan Ravel,O,1972-09-06,4702303782,janujakibe@example.org,Student,Gurgaon,Maharashtra,Regular
278,Manya Sule,O,1988-09-10,7548761751,warjas90@example.com,Student,Tiruchirappalli,Telangana,VIP
279,Ishwar Banerjee,O,1971-06-17,4459648350,omisha59@example.net,Business Owner,Raebareli,Andhra Pradesh,Regular
280,Gautam Nigam,M,1986-10-11,2748015096,janya14@example.com,Software Engineer,Alappuzha,Kerala,Regular
281,Nilima Sekhon,F,1967-08-08,3827373377,wtrivedi@example.org,Analyst,Begusarai,Bihar,Regular
282,Dhriti Tata,M,2002-11-18,9056042364,michaeldewan@example.net,Business Owner,Kalyan-Dombivli,Sikkim,VIP
283,Rajata Sachdeva,M,1998-08-26,0477268763,chaudhuriyatan@example.com,Student,Nanded,Haryana,VIP
284,Watika Pandey,O,2001-08-09,4212011726,murthymitali@example.net,Government Employee,Unnao,Uttarakhand,Regular
285,Anmol Sangha,M,1998-08-07,0298389459,mukhopadhyayabeer@example.org,Analyst,Gangtok,Karnataka,Regular
286,Yauvani Kothari,F,1992-05-10,9118544452,tailormeera@example.org,Doctor,Vijayanagaram,Bihar,VIP
287,Ikbal Dugar,F,1986-11-07,2269224156,jagratibutala@example.com,Analyst,Shivpuri,Telangana,Premium
288,Ishita Chander,M,1978-11-22,2420613994,saichad@example.com,Software Engineer,Kulti,Chhattisgarh,VIP
289,Mitali Sahni,F,2000-06-23,1917251879,ahujanisha@example.com,Student,Vadodara,Telangana,Regular
290,Gautami Dua,O,1977-09-03,0878506084,fkhosla@example.org,Bank Employee,Munger,Meghalaya,Regular
291,Yashawini Lall,O,1974-09-13,6599077595,venkateshadweta@example.net,Business Owner,Ramgarh,Himachal Pradesh,Premium
292,Bakhshi Kibe,M,1987-11-22,7685929521,kevin52@example.com,Student,Saharanpur,Madhya Pradesh,VIP
293,Pranav Ranganathan,F,1969-09-14,6361565412,chaitanyanarayan@example.net,Analyst,Bettiah,Haryana,Regular
294,Yuvraj Koshy,F,1984-10-20,0698435653,ekiyashere@example.org,Business Owner,Bikaner,Haryana,Regular
295,Turvi Krishnan,F,1975-04-08,8898132254,narulaoscar@example.net,Business Owner,Bhimavaram,Uttarakhand,Regular
296,Umang Chand,F,1976-03-16,3951791420,wyatt83@example.org,Bank Employee,Hapur,West Bengal,VIP
297,Agastya Ratta,F,1962-09-15,1067008380,falguni13@example.net,Business Owner,Jalna,Kerala,Premium
298,Yagnesh Kadakia,M,1977-12-16,1353182566,whayer@example.net,Business Owner,Amaravati,Madhya Pradesh,Premium
299,Raagini Rama,M,2002-11-15,7011136316,arunimapall@example.org,Business Owner,Karimnagar,Rajasthan,VIP
300,Amol Pathak,F,1993-11-12,8673365657,wpingle@example.com,Student,Ratlam,Haryana,Premium
301,Michael Sridhar,F,1974-02-01,5019298644,urmimital@example.org,Teacher,Kishanganj,Tripura,Regular
302,Arunima Khurana,O,2005-12-14,3529018179,krisha40@example.org,Business Owner,Guntakal,Mizoram,Premium
303,Amruta Toor,O,1973-01-05,6406842272,manbir88@example.com,Analyst,Darbhanga,Punjab,Regular
304,Chameli Sandal,M,1992-01-19,9575121523,jasmit66@example.com,Analyst,Vellore,Maharashtra,VIP
305,Nakul Kant,O,1995-01-01,6121174209,taraswaminathan@example.com,Government Employee,Adoni,Tamil Nadu,Premium
306,Nathan Kala,M,1987-06-17,7902912356,eeshasaxena@example.org,Software Engineer,Cuttack,Jharkhand,Regular
307,Kashish Jain,O,2004-02-02,9232060908,yashawini04@example.net,Teacher,Ongole,Assam,Premium
308,Matthew Barad,O,1965-01-04,3767929902,hdasgupta@example.com,Bank Employee,Bettiah,Karnataka,VIP
309,Ekantika Bal,F,1992-04-30,0370905622,thomas63@example.org,Analyst,Panihati,Gujarat,Premium
310,Frado Peri,O,1967-03-25,0724907971,rbajwa@example.net,Government Employee,Indore,Assam,VIP
311,Chasmum Sane,O,1962-10-02,4234062729,wbora@example.org,Software Engineer,Davanagere,Kerala,Premium
312,Siya Mani,F,1998-03-20,0863764687,qnarayan@example.org,Teacher,Agartala,Jharkhand,VIP
313,Azaan Suresh,O,1984-06-20,0329717154,mohinikurian@example.net,Government Employee,Jodhpur,Jharkhand,Premium
314,Bishakha Mangal,O,1983-07-19,3787961335,olivermurthy@example.net,Software Engineer,Mirzapur,Rajasthan,Regular
315,Chavvi Chadha,F,1968-08-13,5750282084,pranavmander@example.com,Bank Employee,Jabalpur,West Bengal,Premium
316,Arjun Kapur,O,2005-07-20,5312728165,tsachdeva@example.net,Teacher,Chinsurah,Andhra Pradesh,Premium
317,Michael Zachariah,F,1965-02-20,7753522725,odoctor@example.net,Bank Employee,Baranagar,Madhya Pradesh,VIP
318,Caleb Cheema,F,1994-01-08,7612099290,inagarajan@example.net,Business Owner,Phusro,Gujarat,Regular
319,Gabriel Palan,M,1966-08-08,3813270278,uhari@example.org,Teacher,Berhampore,Manipur,Premium
320,Saumya Tara,O,2004-10-10,0613882910,qarinde@example.net,Teacher,Mangalore,Andhra Pradesh,Premium
321,Yashvi Sachar,M,1964-03-03,6239815455,goyalvedika@example.org,Bank Employee,Bettiah,Kerala,Regular
322,Lipika Ghosh,F,1966-08-09,9584182726,charita96@example.org,Government Employee,Dewas,Bihar,Premium
323,Bahadurjit Boase,M,1986-09-06,8286775438,vinayamitter@example.org,Business Owner,Dhule,Gujarat,Regular
324,Unnati Kannan,O,1990-10-06,2768253103,rachita44@example.org,Doctor,Rajahmundry,Karnataka,VIP
325,Praneel Tak,M,1980-05-06,1338921555,vrindabadal@example.org,Student,Kavali,Himachal Pradesh,Regular
326,Gayathri Goda,F,1980-08-30,6984452628,praneelsur@example.com,Student,Pudukkottai,Gujarat,Regular
327,Panini Barman,M,1999-12-03,7519005512,odika55@example.org,Business Owner,Shimoga,Tamil Nadu,Regular
328,Irya Comar,M,1978-02-13,4123251480,onkarbarad@example.net,Software Engineer,Saharsa,Manipur,Premium
329,Charles Ratti,O,1975-02-16,6523971586,gbahl@example.net,Teacher,Mango,Andhra Pradesh,VIP
330,Pahal Golla,M,1966-03-20,8599381241,bansaljagdish@example.com,Business Owner,Rewa,Arunachal Pradesh,VIP
331,Madhav Gupta,M,1993-12-08,6168497242,ramaharinakshi@example.net,Teacher,Rourkela,Andhra Pradesh,Regular
332,Triya Bora,F,1973-03-28,4349688580,janya01@example.org,Bank Employee,Patiala,Assam,Regular
333,Vihaan Dey,M,1979-03-08,4321607033,vedhikakhalsa@example.org,Student,Ahmedabad,Andhra Pradesh,Premium
334,Meghana Pant,F,1971-10-25,9199243614,morewishi@example.org,Business Owner,Parbhani,Punjab,Regular
335,Aarna Bhavsar,F,1987-05-23,7513849439,maya86@example.com,Bank Employee,Ramgarh,Telangana,Regular
336,Nicholas Srivastava,M,2006-06-29,9754239809,choudharyjackson@example.org,Student,Bhubaneswar,Mizoram,VIP
337,Chaman Mammen,F,1976-12-31,2534023802,nandra@example.net,Bank Employee,Dindigul,Bihar,Premium
338,Ojasvi Pal,M,1981-09-13,7035167835,balakrishnananthony@example.org,Student,Haridwar,Assam,VIP
339,Anjali Ram,M,1963-06-16,2874876474,sampathgeorge@example.com,Teacher,Pali,Odisha,VIP
340,Avni Muni,F,1988-12-25,5007246000,udyati22@example.net,Student,Firozabad,West Bengal,Premium
341,Nitesh Patil,M,1999-02-21,9380731975,tnaidu@example.net,Doctor,New Delhi,Assam,Regular
342,Unnati Hegde,M,2006-12-29,1430051961,udarshdayal@example.com,Government Employee,Bidar,Kerala,VIP
343,Lakshmi Shah,F,1971-07-20,0494347411,isaiah65@example.net,Bank Employee,Dehri,Rajasthan,Regular
344,Sai Rajagopalan,M,1985-12-30,6306374954,darpan85@example.com,Analyst,Kochi,Sikkim,Premium
345,Lucky Agarwal,M,1963-08-02,7935492739,regetara@example.org,Doctor,Kadapa,Uttarakhand,Premium
346,Yatan Saraf,M,2003-12-19,8423973567,dugaltanmayi@example.org,Analyst,Gurgaon,Odisha,Premium
347,Kritika Yadav,O,1994-06-14,7571818190,yprabhakar@example.com,Doctor,Ozhukarai,Arunachal Pradesh,Premium
348,Garima Mangat,O,2007-05-25,6022643260,yashica53@example.com,Doctor,Nandyal,Mizoram,VIP
349,Wyatt Doctor,O,1997-12-28,2011307438,urishillaanand@example.com,Teacher,Surat,Karnataka,Premium
350,Bhavna Tank,O,2005-10-12,5538970363,matthewnayar@example.org,Doctor,Sirsa,Assam,VIP
351,Xalak Saran,M,1979-11-11,5535704452,luckysama@example.net,Software Engineer,Jalgaon,Haryana,Regular
352,Dhruv Hari,M,1966-03-31,5136224308,vmann@example.org,Teacher,Avadi,Chhattisgarh,VIP
353,Veda Prasad,M,1992-11-28,1591136255,ethan89@example.org,Software Engineer,Loni,Tamil Nadu,Regular
354,Ria Dada,M,1982-10-09,8922828813,dpatel@example.com,Government Employee,Siwan,West Bengal,Regular
355,Chanchal Maharaj,F,1990-08-19,6318322869,dewatika@example.net,Doctor,Sultan Pur Majra,Gujarat,Regular
356,Wishi Badal,O,1978-09-21,4992396012,nakul56@example.net,Teacher,Raipur,Mizoram,Premium
357,Shivani Chatterjee,O,1989-10-30,1842441668,jkorpal@example.org,Doctor,Raebareli,Goa,VIP
358,Chameli Kar,O,1992-04-17,6454858439,vrittikrish@example.com,Bank Employee,New Delhi,Himachal Pradesh,Regular
359,Yash Mannan,O,1963-12-08,7929055567,duttneelima@example.com,Student,Jalgaon,Andhra Pradesh,Premium
360,Utkarsh Bobal,F,1983-04-05,1318144827,ykala@example.org,Business Owner,Bhiwani,Himachal Pradesh,Premium
361,Dayamai Bhagat,M,1966-04-29,8805844258,darpan82@example.net,Government Employee,Vellore,Himachal Pradesh,VIP
362,Rushil Hans,F,1976-06-10,6590694285,dkarnik@example.net,Doctor,Raichur,Nagaland,Regular
363,Qabil Savant,F,1988-01-04,0965275156,chadsiddharth@example.org,Doctor,Motihari,Punjab,Premium
364,Zinal Kata,M,2005-01-15,8280040543,aaravsanghvi@example.org,Doctor,Raebareli,Andhra Pradesh,Premium
365,Yashodhara Jayaraman,M,1988-12-19,9871034741,maya79@example.org,Bank Employee,Hyderabad,Nagaland,Premium
366,Ishani Misra,M,1985-06-03,5722856312,brindanigam@example.net,Business Owner,Bhiwandi,Himachal Pradesh,VIP
367,Yashica Shukla,F,2002-02-17,2449465776,dashekiya@example.net,Software Engineer,Tirupati,Maharashtra,Premium
368,Devika Shankar,F,1975-02-24,2821899731,norisamarth@example.org,Government Employee,Bhimavaram,Goa,Regular
369,Jason Dube,M,1963-08-12,9753190230,kritika60@example.com,Analyst,Ambala,Himachal Pradesh,VIP
370,Urvashi Setty,O,1988-08-26,8660218888,mohini52@example.com,Teacher,Bharatpur,Arunachal Pradesh,VIP
371,Chanakya Narula,O,1984-11-30,0836318050,amritarao@example.com,Government Employee,Avadi,Maharashtra,Premium
372,Pranav Ramanathan,F,1998-12-06,3343513375,sabharwallaban@example.org,Doctor,Phagwara,Gujarat,Premium
373,Mitesh Manda,M,1996-08-07,6084955405,ekantachana@example.net,Government Employee,Vijayawada,Arunachal Pradesh,Premium
374,Pushti Pillai,O,1970-12-30,8440233918,ikbal90@example.net,Bank Employee,Etawah,Maharashtra,Regular
375,Saanvi Desai,F,1979-02-08,4184566982,qsarin@example.com,Software Engineer,Pallavaram,Sikkim,Premium
376,Devansh Murty,M,1985-06-28,4503217226,warinder06@example.net,Student,Gwalior,Sikkim,Regular
377,Raksha Gala,F,1984-01-08,1343208343,tarakakar@example.net,Business Owner,Davanagere,Karnataka,Premium
378,Faras Misra,O,1993-01-08,5733730337,gauravraj@example.com,Government Employee,Gandhinagar,Gujarat,Regular
379,Bhavna Aggarwal,M,1960-10-14,4977131230,dalbirgokhale@example.com,Software Engineer,Yamunanagar,Mizoram,VIP
380,Keya Dube,F,2005-03-30,7383626511,zbhardwaj@example.com,Software Engineer,Ghaziabad,Uttarakhand,Regular
381,Chaman Parsa,F,1971-02-28,2720126349,wchokshi@example.com,Government Employee,Tenali,Madhya Pradesh,Regular
382,Jyoti Sharma,M,1995-12-29,0638357598,onkar26@example.org,Software Engineer,Srikakulam,Karnataka,Regular
383,Neel Shanker,M,2005-02-01,2864856582,nkibe@example.com,Bank Employee,Kollam,Tripura,Premium
384,Tanvi Mittal,O,1990-04-20,1966354927,ekaja65@example.net,Bank Employee,Hospet,Uttar Pradesh,Premium
385,Waida Lad,F,1983-10-03,2774927765,sainiqasim@example.com,Bank Employee,Pali,Himachal Pradesh,VIP
386,Amol Pandit,M,1979-01-19,1252367029,okara@example.org,Student,Sonipat,Uttar Pradesh,VIP
387,Damyanti Suresh,O,1983-05-06,3622657256,jagdish79@example.com,Bank Employee,Chittoor,Tripura,VIP
388,Waida Manne,O,1966-07-08,7820303293,henry92@example.com,Doctor,Mira-Bhayandar,Manipur,VIP
389,Urishilla Salvi,M,1998-12-01,1020071258,gautamkar@example.org,Analyst,Raiganj,Karnataka,VIP
390,Vasudha Misra,F,1997-12-27,7781139402,zpingle@example.net,Business Owner,Kollam,Uttar Pradesh,Premium
391,Wazir Ahuja,F,1991-09-04,5871863667,jagvi10@example.com,Doctor,Gangtok,Mizoram,Regular
392,Janani Bhardwaj,F,2001-09-20,1681381456,sachdevwakeeta@example.org,Software Engineer,Arrah,Meghalaya,VIP
393,Aashi Loyal,F,1977-06-30,9220358028,zashil60@example.net,Teacher,Bellary,Madhya Pradesh,Regular
394,Krisha Sandal,F,1990-03-07,4248105264,andrew55@example.net,Software Engineer,Malda,Himachal Pradesh,VIP
395,Ekani Mishra,O,1974-09-26,9430186873,rohanraghavan@example.com,Analyst,Parbhani,Odisha,Premium
396,Udyati Palla,M,1980-07-30,7553241535,tejas16@example.net,Software Engineer,Durgapur,Arunachal Pradesh,Regular
397,Madhavi Shenoy,F,1988-11-05,6500289303,idave@example.net,Bank Employee,Bardhaman,Kerala,VIP
398,Wishi Sur,F,1961-01-19,6794438459,pvig@example.com,Analyst,Solapur,Meghalaya,Regular
399,Chandran Rama,M,1963-08-31,0639138918,bhanumati23@example.com,Software Engineer,Jaunpur,Madhya Pradesh,Regular
400,Finn Rajan,O,1978-07-30,0536313059,grewalkalpit@example.com,Analyst,Darbhanga,Punjab,VIP
401,Riya Bose,M,1963-06-24,9483793692,abdulgupta@example.com,Government Employee,Ichalkaranji,Nagaland,Premium
402,Amruta Bhat,F,1979-01-28,1515058310,imohan@example.com,Teacher,Tiruchirappalli,Maharashtra,Regular
403,Yashodhara Chaudhuri,M,1965-02-12,6577157191,bhanumati99@example.org,Business Owner,Ballia,Mizoram,VIP
404,Hitesh Rana,F,1991-12-30,4438831585,ytrivedi@example.net,Analyst,Kirari Suleman Nagar,Andhra Pradesh,Premium
405,Tanay Wadhwa,O,1978-02-10,2294192370,ssethi@example.net,Analyst,Tirupati,Telangana,Regular
406,Raghav Ram,O,2005-02-01,8240192665,sathvik52@example.com,Bank Employee,Sambalpur,Jharkhand,Premium
407,Theodore Cheema,O,1998-05-21,0848344351,halderrehaan@example.com,Analyst,Kalyan-Dombivli,Karnataka,VIP
408,Rudra Grover,F,1974-05-30,5757832227,vasanayohannan@example.com,Student,Anantapur,Gujarat,VIP
409,Ekantika Aggarwal,F,1988-06-16,7663605023,omistry@example.net,Government Employee,Gangtok,Telangana,Premium
410,Rachana Barad,F,1978-04-12,9601394243,prabhakaredhitha@example.org,Bank Employee,Gwalior,Rajasthan,Regular
411,Hredhaan Pandit,F,1970-10-29,7231182767,viyengar@example.net,Bank Employee,Nellore,Meghalaya,VIP
412,Upasna Contractor,M,1997-02-14,3563554817,advaith39@example.org,Software Engineer,Loni,Assam,Regular
413,Ryan Sheth,M,1996-05-08,3864145186,jkrishna@example.net,Software Engineer,Kishanganj,Karnataka,Regular
414,Girish Peri,F,1996-10-16,5023673344,wahab45@example.net,Doctor,Ulhasnagar,Kerala,Premium
415,Radha Rama,O,1969-05-26,5404766192,mohannaksh@example.org,Government Employee,Ajmer,Punjab,Premium
416,Upadhriti Johal,M,1984-05-25,5427152834,ahanda@example.net,Analyst,Dibrugarh,Telangana,VIP
417,Tarak Rau,M,1987-08-19,8256997820,vrittiapte@example.com,Analyst,Faridabad,West Bengal,Premium
418,Jeremiah Mohanty,O,2008-07-06,1766785984,nathanielmunshi@example.com,Student,Muzaffarpur,Punjab,Premium
419,Vasatika Oak,M,1980-10-11,9391982611,bavasai@example.net,Teacher,Loni,Nagaland,Premium
420,Sanya Mallick,O,1998-09-17,6359226428,keya66@example.org,Student,Jaipur,Tamil Nadu,VIP
421,Bachittar Chatterjee,O,1971-01-15,3115237000,chavvi75@example.net,Business Owner,Bharatpur,Himachal Pradesh,VIP
422,Lakshmi Sidhu,F,1987-06-22,4959995834,brindaatwal@example.com,Business Owner,Cuttack,Himachal Pradesh,Regular
423,Pranit Lall,F,1977-05-23,7622233419,mekhalapandya@example.net,Teacher,Motihari,Odisha,Premium
424,Rachit Chandra,F,1973-11-12,7986335354,gavinkala@example.com,Business Owner,Ahmedabad,Uttar Pradesh,Premium
425,Azad Sampath,F,1972-11-04,5333553190,kiaanpanchal@example.org,Teacher,Hubli–Dharwad,Haryana,Regular
426,Hritik Madan,M,1970-03-05,1806136989,wyatt03@example.com,Student,Dewas,Himachal Pradesh,Regular
427,Nandini Chander,O,2004-09-07,8015197186,onarasimhan@example.net,Government Employee,Anand,Mizoram,Premium
428,Qarin Sarna,O,1968-08-09,8388092544,wsahni@example.com,Doctor,Naihati,Arunachal Pradesh,Premium
429,Naksh Sunder,F,1972-06-13,4193453754,cravel@example.org,Government Employee,Vadodara,Uttarakhand,Regular
430,Aarush Ramachandran,M,1986-08-06,2711800491,robertthakkar@example.org,Bank Employee,Pondicherry,Assam,VIP
431,Reva Mukhopadhyay,F,2002-03-15,0922641819,cnarayanan@example.org,Business Owner,Nanded,Assam,Premium
432,Lavanya Raghavan,M,1995-09-09,2246377805,santadvaith@example.org,Analyst,Gandhinagar,Telangana,Premium
433,Chandran Sharma,O,1995-07-09,6699477899,pnatarajan@example.com,Software Engineer,Gandhidham,Himachal Pradesh,Regular
434,Tarak Mukhopadhyay,M,1973-02-27,4993396549,prisha13@example.com,Software Engineer,Shimla,Himachal Pradesh,Premium
435,Aahana Sem,F,1964-11-21,9462970035,gulatiyatin@example.net,Bank Employee,Muzaffarnagar,Sikkim,Regular
436,Ekavir Chaudhuri,O,2000-08-05,7986191732,falanpai@example.org,Software Engineer,Hyderabad,Gujarat,Premium
437,Guneet Balasubramanian,F,1969-10-31,1736161592,ekanshjayaraman@example.net,Bank Employee,Guntakal,Nagaland,Regular
438,Tamanna Wadhwa,F,1970-01-16,8970242378,rehaan65@example.net,Business Owner,Gwalior,Andhra Pradesh,Regular
439,Banjeet Mody,F,1976-12-11,2681031594,devanviraj@example.org,Software Engineer,Bellary,Madhya Pradesh,Regular
440,Zinal Pal,O,1975-08-09,5021389511,vyasrachita@example.com,Analyst,Chandrapur,Rajasthan,VIP
441,Baljiwan Baral,M,1997-05-18,3645860323,girish35@example.org,Student,Gandhidham,Maharashtra,Premium
442,Balhaar Golla,O,1973-04-20,2219825109,elijah64@example.net,Bank Employee,Mirzapur,Uttarakhand,VIP
443,Januja Sani,M,1994-01-31,9753155791,sudikshanagarajan@example.org,Teacher,Bareilly,Uttar Pradesh,VIP
444,Naveen Mand,F,1978-08-05,2582073846,sainitanish@example.com,Teacher,Pondicherry,Jharkhand,VIP
445,Ekapad Mital,F,1984-09-11,2139200020,nnarasimhan@example.net,Government Employee,Nizamabad,Kerala,VIP
446,Zinal Wable,F,1993-04-14,8093842886,bhavani51@example.com,Business Owner,Sagar,Maharashtra,Regular
447,Udant Pathak,O,1962-05-08,1544592848,ssrinivas@example.com,Bank Employee,Imphal,Uttar Pradesh,VIP
448,Lekha Nadig,F,1991-05-04,1947821269,deodominic@example.com,Student,Naihati,Telangana,VIP
449,Hitesh Choudhury,O,1998-02-18,2750517301,darpan17@example.net,Business Owner,Eluru,Tamil Nadu,Premium
450,Krisha Narasimhan,O,1987-11-25,0198729521,mohini00@example.org,Bank Employee,Mathura,Bihar,VIP
451,Vasana Grewal,M,2003-03-24,6804465090,ubika53@example.org,Government Employee,Motihari,Tripura,VIP
452,Aradhana Dyal,O,2004-06-22,3049575006,anikadutta@example.net,Bank Employee,Ballia,Arunachal Pradesh,VIP
453,Tanveer Prakash,F,1981-03-24,9295626723,zarnadivan@example.com,Business Owner,Sultan Pur Majra,Meghalaya,Regular
454,Tristan Kurian,F,1971-01-27,1710558529,yvasa@example.com,Student,Bardhaman,Kerala,Premium
455,Kiaan Ravi,M,1984-01-27,7842740581,fraval@example.com,Teacher,Gangtok,Tripura,Regular
456,Jagrati Shukla,O,1984-07-12,2737873497,qparmar@example.org,Government Employee,Adoni,Goa,VIP
457,Jackson Bhargava,O,1968-11-08,4333114625,patlabhanumati@example.com,Doctor,Erode,Arunachal Pradesh,VIP
458,Yutika Rege,F,1969-10-20,0945714472,gabrieldate@example.net,Government Employee,Bareilly,Tripura,VIP
459,Ethan Chowdhury,F,1981-03-09,4495994476,zwalia@example.org,Doctor,Chinsurah,Sikkim,Regular
460,Sachi Dyal,M,1977-11-03,3169839662,om87@example.org,Government Employee,Ahmednagar,Tripura,Premium
461,Diya Krishnan,F,2003-09-12,3493310189,warriormason@example.org,Government Employee,Hindupur,Tamil Nadu,Regular
462,Samar Khosla,F,1978-07-24,9362426897,vrittibatta@example.com,Teacher,Bathinda,Sikkim,Premium
463,Ethan Ben,M,1985-06-07,8786606177,lavanya02@example.net,Teacher,Rewa,Karnataka,Premium
464,Rohan Dora,F,1990-08-03,4550080857,fdas@example.org,Analyst,Eluru,Mizoram,VIP
465,Maanas Rout,M,1994-05-28,8394911720,dubeazad@example.org,Bank Employee,Dharmavaram,Goa,Premium
466,Warda Khalsa,F,1976-06-26,2907721857,sundaramikbal@example.net,Government Employee,Ambattur,Arunachal Pradesh,Premium
467,Lila Sarraf,M,1983-08-02,2701552386,kabirmohan@example.org,Doctor,Bijapur,Goa,Regular
468,Lekha Bhatti,F,1993-02-09,5363810363,jkonda@example.net,Bank Employee,Surendranagar Dudhrej,Mizoram,Premium
469,Tanveer Bhardwaj,F,1971-06-11,1247802121,isathe@example.net,Bank Employee,Anantapur,Chhattisgarh,VIP
470,Girish Viswanathan,F,1996-03-03,6089303594,darika51@example.com,Analyst,Durgapur,Mizoram,Premium
471,Nicholas Ahuja,F,1988-10-09,8480676805,gautamgara@example.org,Bank Employee,Barasat,Chhattisgarh,Premium
472,Wahab Bali,F,1988-03-04,0556929242,lajitalad@example.com,Software Engineer,Ratlam,Nagaland,VIP
473,Omkaar Sengupta,O,1979-03-18,6318883723,kalavritti@example.com,Student,Srinagar,Bihar,Premium
474,Charan Pandey,O,1988-11-12,7956270937,vhayre@example.com,Student,Bijapur,Goa,Regular
475,Mason Dugar,O,2003-04-10,2868043428,cbarman@example.net,Business Owner,Jabalpur,Jharkhand,Premium
476,Vidhi Saini,M,2000-06-12,2211619000,rushil56@example.org,Bank Employee,Aizawl,Bihar,Premium
477,Chanchal Bahl,O,1977-11-30,4797312263,zayan89@example.net,Doctor,Aligarh,Arunachal Pradesh,Premium
478,Chaman Gera,O,1998-01-30,0963014039,warinder65@example.com,Analyst,Pallavaram,Chhattisgarh,VIP
479,Yadavi Ganguly,M,1966-02-19,6869388111,sachdevchaitaly@example.net,Teacher,Nandyal,Rajasthan,VIP
480,Idika Toor,M,2005-03-25,5838184265,apatla@example.com,Business Owner,Gudivada,Meghalaya,VIP
481,Amara Bansal,F,1982-11-14,2035422871,granganathan@example.net,Doctor,Gurgaon,Gujarat,Regular
482,Yashvi Pandya,O,1999-12-01,4886286689,dnatarajan@example.org,Business Owner,Kochi,Mizoram,Regular
483,Udarsh Taneja,O,1996-02-19,2360508329,ywali@example.net,Software Engineer,Amravati,Uttarakhand,Regular
484,Manbir Mander,M,1990-01-27,3358837897,brastogi@example.org,Business Owner,Kota,Andhra Pradesh,Regular
485,Lopa Sarin,F,1972-09-15,5695609863,cmanne@example.com,Software Engineer,Hapur,Chhattisgarh,VIP
486,Jairaj Borde,M,2000-04-06,8117852550,narainvasudha@example.org,Student,Bhubaneswar,Jharkhand,VIP
487,Meera Ganguly,M,1987-06-18,2701414949,aditya50@example.net,Software Engineer,Indore,Manipur,VIP
488,Ekaraj Dutt,F,1995-09-14,4374740510,indalibir@example.org,Software Engineer,Satna,Goa,Regular
489,Vedant Dhar,M,1972-11-11,0109543382,vanshakata@example.net,Bank Employee,Machilipatnam,Odisha,Premium
490,Anjali Kala,F,1991-09-20,7769324893,daksha19@example.org,Analyst,Amravati,Goa,Regular
491,Krish Jani,F,1968-06-15,7663539246,aayush14@example.org,Bank Employee,Satna,Bihar,Regular
492,Zinal Golla,O,2005-10-26,2809171008,chavviborah@example.com,Teacher,Jhansi,Chhattisgarh,Premium
493,Lucky Goyal,F,1972-02-11,1215903663,ishita81@example.org,Teacher,Deoghar,Arunachal Pradesh,VIP
494,Sanya Lad,O,1984-10-28,2177854472,sanyashetty@example.org,Government Employee,Jalandhar,Punjab,Premium
495,Sneha Chokshi,M,1985-05-26,1101463222,warjasdatta@example.net,Bank Employee,Bhubaneswar,Jharkhand,Premium
496,Keya Mani,O,1984-05-14,4435676599,chakrikatiwari@example.com,Government Employee,Chinsurah,Haryana,Regular
497,Watika Sanghvi,M,1969-05-10,5114021956,whans@example.net,Business Owner,Khammam,Jharkhand,VIP
498,Dakshesh Sridhar,F,1966-05-05,1081599274,idika04@example.net,Business Owner,Amravati,Uttar Pradesh,Premium
499,Charvi Baria,O,1997-12-26,7191686813,wakeeta27@example.org,Doctor,Pallavaram,Tripura,Premium
500,Jairaj Mani,O,1981-02-04,5258957997,vwagle@example.net,Student,Parbhani,Uttar Pradesh,Regular
